{
 "kind": "soccer_epv_grid",
 "rows": 16,
 "cols": 10,
 "gamma": 0.997,
 "outcome_value": {
  "goal": 1.0,
  "shot_on_target": 0.3,
  "shot": 0.1,
  "turnover": -0.15,
  "timeout": 0.0
 },
 "n_rows_fit": 58555,
 "grid": [
  [
   -0.13426860866162643,
   -0.11065900675103174,
   0.0,
   -0.13242088942262284,
   -0.09968713212348976,
   -0.11296731602365948,
   -0.08813571291953654,
   -0.13549784995434408,
   -0.14276657670857115,
   -0.12535985037475336
  ],
  [
   -0.1219442491549887,
   -0.12784422276724416,
   -0.13146091593536,
   -0.09871884185203121,
   -0.09676977370965374,
   -0.11158410411699225,
   -0.003251690276156744,
   -0.13646735406956426,
   -0.08793897471354663,
   -0.13237170594388423
  ],
  [
   -0.11021061986205685,
   -0.13521820153938433,
   -0.11860044092647323,
   -0.10548752910064788,
   -0.11574423168298764,
   -0.09883745171605346,
   -0.07872182992673105,
   -0.09617357424250159,
   -0.09288476802494881,
   -0.12836332686042312
  ],
  [
   -0.06064711742564719,
   -0.10667638450934525,
   -0.09189397841316249,
   -0.11843984704006649,
   -0.09922733429897361,
   -0.10522651565961816,
   -0.12191092108143627,
   -0.09588131815019454,
   -0.08944987188972515,
   -0.13336717837770254
  ],
  [
   -0.08713364115806735,
   -0.11221416673624772,
   -0.09089177829825898,
   -0.12126412539215121,
   -0.09833461574860436,
   -0.046102912314443245,
   -0.12064686845876653,
   -0.11341660767500655,
   -0.10829834126663877,
   -0.14477709732866367
  ],
  [
   -0.08944508310583889,
   -0.09387267760037758,
   -0.1022410994864251,
   -0.07593166114153764,
   -0.10648341602126642,
   -0.08684005333528641,
   -0.10758066781158791,
   -0.09618898235608637,
   -0.11276036532203859,
   -0.10574015748678885
  ],
  [
   -0.038379426824755675,
   -0.09102518251400037,
   -0.10345098238276156,
   -0.08222791240028346,
   -0.11470387104652442,
   -0.09390665606096846,
   -0.09619806872746832,
   -0.0916194770932743,
   -0.11958800195675486,
   -0.1287828396789716
  ],
  [
   -0.03289591297277209,
   -0.0955870839690667,
   -0.07626294771784098,
   -0.07631673139500343,
   -0.09522080939284308,
   -0.0835429547874727,
   -0.09745528880898593,
   -0.08258996403666259,
   -0.12494586318817133,
   -0.11531731700487513
  ],
  [
   -0.05307777472725764,
   -0.0705204401398392,
   -0.060577387260126764,
   -0.08098372584399013,
   -0.08128891389479634,
   -0.07057228771116475,
   -0.08320540133876715,
   -0.07169173717338696,
   -0.07825698794142495,
   -0.12777134311254
  ],
  [
   -0.030698658747207844,
   -0.05666432688885147,
   -0.06075038565424702,
   -0.09485119666549753,
   -0.0578118986644695,
   -0.07756195388805971,
   -0.07089049117049319,
   -0.052902083249279204,
   -0.09251358375450788,
   -0.13056744651527846
  ],
  [
   -0.011532761552609036,
   -0.019048642886988675,
   -0.009410343163359602,
   -0.06463756761904955,
   -0.05939374582488011,
   -0.06158219345737759,
   -0.046746061016144466,
   -0.045018224988534035,
   -0.05245394288423268,
   -0.1414715727927614
  ],
  [
   0.07234722438893745,
   0.04101740336964782,
   0.01464392772777351,
   0.013341950010497766,
   -0.022788850700973338,
   -0.0007808863636773656,
   -0.004325269294910493,
   -0.007373486017347686,
   -0.07432157267402516,
   -0.14146615944954438
  ],
  [
   0.04816715644266885,
   0.06361621195163011,
   0.019226932816480868,
   0.029563983590364364,
   0.020491739985431915,
   0.06379751817459967,
   0.034738269342798715,
   0.034675104426739545,
   -0.06490331548167251,
   -0.14469256872842587
  ],
  [
   -0.02356427658979871,
   -0.03131887082552524,
   0.039104133761435816,
   0.02873629756924308,
   0.07455022541870852,
   0.0996892716632472,
   -0.059736319414876754,
   -0.030587617313325342,
   0.09985000000000001,
   -0.14843441464742252
  ],
  [
   -0.14286659938590085,
   -0.08471871360187376,
   0.07486775576363522,
   -0.04845799175566736,
   0.16865698068292811,
   0.27847622612798806,
   -0.03978632777861496,
   -0.13218463368239233,
   -0.14376178865346906,
   0.0
  ],
  [
   -0.1457115812827474,
   -0.14672580677470282,
   0.0,
   0.015980056168548938,
   -0.05741564574354556,
   -0.08177520049774764,
   -0.1478022264934629,
   -0.14454495206035994,
   -0.14732681862174604,
   0.0
  ]
 ],
 "counts": [
  [
   77,
   49,
   0,
   10,
   438,
   341,
   2,
   19,
   20,
   35
  ],
  [
   93,
   4,
   81,
   159,
   976,
   858,
   128,
   39,
   89,
   15
  ],
  [
   133,
   23,
   245,
   639,
   422,
   192,
   162,
   40,
   9,
   45
  ],
  [
   28,
   90,
   695,
   463,
   356,
   279,
   234,
   157,
   144,
   54
  ],
  [
   78,
   212,
   288,
   445,
   678,
   437,
   696,
   350,
   147,
   24
  ],
  [
   239,
   410,
   396,
   931,
   845,
   767,
   746,
   433,
   218,
   85
  ],
  [
   199,
   411,
   500,
   942,
   782,
   963,
   836,
   365,
   208,
   126
  ],
  [
   274,
   414,
   567,
   1173,
   1645,
   1386,
   965,
   497,
   239,
   158
  ],
  [
   275,
   296,
   782,
   968,
   2182,
   1826,
   987,
   613,
   190,
   106
  ],
  [
   246,
   332,
   680,
   958,
   1023,
   898,
   966,
   526,
   186,
   106
  ],
  [
   222,
   194,
   517,
   504,
   790,
   776,
   908,
   479,
   181,
   52
  ],
  [
   90,
   166,
   447,
   346,
   484,
   651,
   568,
   283,
   109,
   6
  ],
  [
   87,
   156,
   359,
   494,
   525,
   597,
   430,
   125,
   51,
   9
  ],
  [
   57,
   46,
   96,
   192,
   620,
   512,
   99,
   43,
   2,
   8
  ],
  [
   55,
   27,
   34,
   86,
   415,
   315,
   42,
   48,
   7,
   0
  ],
  [
   63,
   16,
   0,
   30,
   670,
   1306,
   26,
   48,
   22,
   0
  ]
 ]
}