{
 "kind": "soccer_epv_grid",
 "rows": 16,
 "cols": 10,
 "gamma": 0.997,
 "outcome_value": {
  "goal": 1.0,
  "shot_on_target": 0.3,
  "shot": 0.1,
  "turnover": -0.15,
  "timeout": 0.0
 },
 "n_rows_fit": 41328,
 "grid": [
  [
   -0.13317576536946651,
   -0.11065900675103174,
   0.0,
   0.0,
   -0.09348114856059775,
   -0.10238788570954206,
   -0.08813571291953654,
   0.0,
   0.0,
   0.0
  ],
  [
   -0.1289650309378946,
   -0.1204589636896589,
   -0.14227806919607092,
   -0.07479766066215744,
   -0.10514964764928128,
   -0.11690958033058035,
   -0.04146870566138173,
   0.05633460292386492,
   -0.08019672171804247,
   0.0
  ],
  [
   -0.11912744047238917,
   -0.1350220911889381,
   -0.13359547801019012,
   -0.10702969655446701,
   -0.12177756838883347,
   -0.10716803051724708,
   -0.11319628681501373,
   -0.07064116465842706,
   -0.0787335336770774,
   -0.12607642379596032
  ],
  [
   0.029690786673633895,
   -0.0797033762790223,
   -0.09975033859966861,
   -0.11340301760160078,
   -0.11710341196320591,
   -0.12323233354113353,
   -0.1269153719401896,
   -0.09661686804872474,
   -0.13286364709000384,
   -0.13361503940967076
  ],
  [
   -0.0741343018933734,
   -0.11669956193171802,
   -0.06863239541925607,
   -0.10716803287258614,
   -0.11514443995935424,
   -0.08980177805148307,
   -0.12313513474982707,
   -0.11612605574714452,
   -0.12153220370066393,
   0.0
  ],
  [
   -0.07309563950611504,
   -0.08528423963131146,
   -0.08909818254335938,
   -0.08018504157506576,
   -0.0971389834683515,
   -0.12082990607169994,
   -0.10852865605851626,
   -0.09667704212034095,
   -0.10531195682361531,
   -0.14110781589454685
  ],
  [
   -0.0024368287925806407,
   -0.04310226928841298,
   -0.10640727573359544,
   -0.09995035752821328,
   -0.10156747847263657,
   -0.09542159306671008,
   -0.11079707881535436,
   -0.10060407784995506,
   -0.12313805327637684,
   -0.13099375883525424
  ],
  [
   -0.029746893103311942,
   -0.10264086913368844,
   -0.0837200638008423,
   -0.08020295515929785,
   -0.09588408649208435,
   -0.08036301329575961,
   -0.10209112354756343,
   -0.1103337457036648,
   -0.126402291047328,
   -0.11414580352972911
  ],
  [
   -0.03645024537845104,
   -0.09052018810412334,
   -0.055184714182570704,
   -0.06200830007857489,
   -0.09139530054533662,
   -0.08275494948196385,
   -0.09534846881500755,
   -0.07684699821381005,
   -0.06031738471646341,
   -0.12521953625539164
  ],
  [
   -0.022685645681808832,
   -0.09587477216313174,
   -0.0472914592994586,
   -0.08920037448964614,
   -0.06734186842257811,
   -0.07960671410244335,
   -0.07448969958888738,
   -0.06909733542911234,
   -0.054209665306313284,
   -0.12582671251895194
  ],
  [
   0.018367670592621378,
   -0.006444297977927297,
   -0.024976461693347725,
   -0.05764779624191213,
   -0.07761526277683574,
   -0.05967444943258218,
   -0.04329517314238649,
   -0.05230561634252389,
   -0.06820534346766334,
   -0.1292982114908902
  ],
  [
   0.08631714135511782,
   -0.0631464635818651,
   -0.010101719296894783,
   0.01875332317352973,
   -0.05993738060744433,
   -0.016196455077787934,
   0.011720475910183516,
   0.01006251706894635,
   -0.12175715723394005,
   -0.14146615944954438
  ],
  [
   0.05901979764036633,
   0.06861949209518715,
   -0.0009646479178340839,
   0.02824209615592366,
   0.013829938695069698,
   0.06526500137638683,
   0.03852146981151347,
   0.06757855636677615,
   -0.13568229115585564,
   -0.14469256872842587
  ],
  [
   0.007965730174401565,
   -0.015411982224718507,
   0.05104481605257108,
   0.015801504997780814,
   0.07107962971629773,
   0.09884375254237054,
   -0.033993348998741735,
   -0.14036509902232522,
   -0.14339121812066374,
   -0.14843441464742252
  ],
  [
   -0.14199232610540327,
   -0.14192564625098072,
   0.051101680249492784,
   -0.02510717965547152,
   0.18135952095902508,
   0.20482871425656599,
   -0.14360889667502846,
   -0.1384461078679753,
   -0.144511701934966,
   0.0
  ],
  [
   -0.14408003059815316,
   -0.14731063978336814,
   0.0,
   -0.08583745897269163,
   -0.051863049509903544,
   -0.08517775899874006,
   -0.14782039625152213,
   -0.1436477905063587,
   -0.14730731384143037,
   -0.1484328514174825
  ]
 ],
 "counts": [
  [
   46,
   49,
   0,
   0,
   257,
   278,
   2,
   0,
   0,
   0
  ],
  [
   57,
   3,
   58,
   85,
   724,
   651,
   132,
   1,
   69,
   0
  ],
  [
   38,
   21,
   192,
   606,
   333,
   221,
   138,
   23,
   5,
   37
  ],
  [
   9,
   47,
   470,
   429,
   296,
   314,
   210,
   72,
   65,
   2
  ],
  [
   49,
   177,
   140,
   319,
   397,
   194,
   533,
   309,
   134,
   0
  ],
  [
   118,
   258,
   322,
   735,
   546,
   320,
   588,
   319,
   130,
   9
  ],
  [
   93,
   157,
   455,
   626,
   637,
   531,
   588,
   343,
   161,
   131
  ],
  [
   146,
   323,
   451,
   971,
   1182,
   919,
   696,
   399,
   230,
   131
  ],
  [
   155,
   173,
   570,
   636,
   1403,
   1310,
   852,
   396,
   189,
   91
  ],
  [
   165,
   188,
   561,
   732,
   597,
   588,
   749,
   261,
   178,
   93
  ],
  [
   113,
   88,
   378,
   522,
   566,
   543,
   669,
   300,
   136,
   49
  ],
  [
   58,
   107,
   271,
   283,
   387,
   461,
   483,
   163,
   71,
   6
  ],
  [
   30,
   75,
   209,
   371,
   407,
   446,
   398,
   60,
   32,
   9
  ],
  [
   21,
   40,
   59,
   122,
   377,
   321,
   64,
   10,
   5,
   8
  ],
  [
   32,
   19,
   27,
   59,
   282,
   215,
   8,
   21,
   12,
   0
  ],
  [
   28,
   22,
   0,
   22,
   481,
   714,
   17,
   28,
   23,
   6
  ]
 ]
}